"SYS_FIELD_NAME"," FIELD_DESC",
"YEAR","Year",
"QUARTER","Quarter (1-4)",
"MONTH","Month",
"DAY_OF_MONTH","Day of Month",
"DAY_OF_WEEK","Day of Week",
"FL_DATE","Flight Date (yyyymmdd)",
"UNIQUE_CARRIER","Unique Carrier Code. When the same code has been used by multiple carriers, a numeric suffix is used for earlier users, for example, PA, PA(1), PA(2). Use this field for analysis across a range of years.",
"AIRLINE_ID","An identification number assigned by US DOT to identify a unique airline (carrier). A unique airline (carrier) is defined as one holding and reporting under the same DOT certificate regardless of its Code, Name, or holding company/corporation.",
"FL_NUM","Flight Number",
"ORIGIN_AIRPORT_ID","Origin Airport, Airport ID. An identification number assigned by US DOT to identify a unique airport.  Use this field for airport analysis across a range of years because an airport can change its airport code and airport codes can be reused.",
"ORIGIN_CITY_MARKET_ID","Origin Airport, City Market ID. City Market ID is an identification number assigned by US DOT to identify a city market.  Use this field to consolidate airports serving the same city market.",
"ORIGIN","Origin Airport",
"ORIGIN_CITY_NAME","Origin Airport, City Name",
"ORIGIN_STATE_ABR","Origin Airport, State Code",
"DEST_AIRPORT_ID","Destination Airport, Airport ID. An identification number assigned by US DOT to identify a unique airport.  Use this field for airport analysis across a range of years because an airport can change its airport code and airport codes can be reused.",
"DEST_CITY_MARKET_ID","Destination Airport, City Market ID. City Market ID is an identification number assigned by US DOT to identify a city market.  Use this field to consolidate airports serving the same city market.",
"DEST","Destination Airport",
"DEST_CITY_NAME","Destination Airport, City Name",
"DEST_STATE_ABR","Destination Airport, State Code",
"CRS_DEP_TIME","CRS Departure Time (local time: hhmm)",
"DEP_TIME","Actual Departure Time (local time: hhmm)",
"DEP_DELAY_NEW","Difference in minutes between scheduled and actual departure time. Early departures set to 0.",
"CRS_ARR_TIME","CRS Arrival Time (local time: hhmm)",
"ARR_TIME","Actual Arrival Time (local time: hhmm)",
"ARR_DELAY_NEW","Difference in minutes between scheduled and actual arrival time. Early arrivals set to 0.",
"CANCELLED","Cancelled Flight Indicator (1=Yes)",
"CANCELLATION_CODE","Specifies The Reason For Cancellation",
"DIVERTED","Diverted Flight Indicator (1=Yes)",
"CRS_ELAPSED_TIME","CRS Elapsed Time of Flight, in Minutes",
"ACTUAL_ELAPSED_TIME","Elapsed Time of Flight, in Minutes",
"AIR_TIME","Flight Time, in Minutes",
"FLIGHTS","Number of Flights",
"DISTANCE","Distance between airports (miles)",
"CARRIER_DELAY","Carrier Delay, in Minutes",
"WEATHER_DELAY","Weather Delay, in Minutes",
"NAS_DELAY","National Air System Delay, in Minutes",
"SECURITY_DELAY","Security Delay, in Minutes",
"LATE_AIRCRAFT_DELAY","Late Aircraft Delay, in Minutes",
